com.samsung.shealth.exercise.recovery_heart_rate,6311013,2
create_sh_ver,start_time,modify_sh_ver,update_time,create_time,time_offset,deviceuuid,exercise_id,pkg_name,end_time,datauuid,heart_rate
,2022-02-14 12:49:13.442,,2022-02-14 12:51:13.577,2022-02-14 12:51:13.577,UTC-0500,JV8/RZtlzk,99b92921-ffab-40e9-868a-6f83890b5f24,com.sec.android.app.shealth,2022-02-14 12:51:13.442,d630f0ff-313f-4923-9957-95d49ffacb76,d630f0ff-313f-4923-9957-95d49ffacb76.heart_rate.json,
,2022-03-16 11:26:59.054,,2022-03-16 11:28:59.161,2022-03-16 11:28:59.161,UTC-0500,JV8/RZtlzk,925a784a-ffaa-46ce-9910-c59b8f678390,com.sec.android.app.shealth,2022-03-16 11:28:59.054,7f678ab7-cc7c-4658-879d-d3a45fa6ca8f,7f678ab7-cc7c-4658-879d-d3a45fa6ca8f.heart_rate.json,
,2022-10-29 07:23:40.171,,2022-10-29 07:32:40.164,2022-10-29 07:32:40.164,UTC-0500,XQMJU+zalx,61e342dc-8fe0-473d-a900-cc0292f87fe5,com.sec.android.app.shealth,2022-10-29 07:25:40.171,f4d20b68-ddb2-4b71-b555-24b6765f2446,f4d20b68-ddb2-4b71-b555-24b6765f2446.heart_rate.json,
,2023-03-02 19:18:17.104,,2023-03-02 19:20:17.225,2023-03-02 19:20:17.225,UTC-0500,v8fPmWJTef,a2024733-adb2-444d-b8a1-8caa9780cada,com.sec.android.app.shealth,2023-03-02 19:20:17.104,c44a337a-d84a-4c0d-ba74-c09b09b56298,c44a337a-d84a-4c0d-ba74-c09b09b56298.heart_rate.json,
,2023-04-09 22:02:27.464,,2023-04-09 22:11:27.474,2023-04-09 22:11:27.474,UTC-0500,v8fPmWJTef,5e5c36e4-ae5e-43cc-890a-223b75a39fd6,com.sec.android.app.shealth,2023-04-09 22:04:27.464,29658d1f-f50a-4cb8-9414-c8e3f2559a39,29658d1f-f50a-4cb8-9414-c8e3f2559a39.heart_rate.json,
,2023-08-12 00:49:43.132,,2023-08-12 00:51:43.268,2023-08-12 00:51:43.268,UTC-0500,v8fPmWJTef,4b0df0e9-81c7-45e9-b448-0a229c501ea3,com.sec.android.app.shealth,2023-08-12 00:51:43.132,49063cd1-2fb9-4550-bc3f-fcd63e607bfc,49063cd1-2fb9-4550-bc3f-fcd63e607bfc.heart_rate.json,
,2023-08-21 14:17:55.310,,2023-08-21 14:19:55.448,2023-08-21 14:19:55.448,UTC-0500,v8fPmWJTef,a3309886-2f77-4ab0-9fac-f189e3655dcc,com.sec.android.app.shealth,2023-08-21 14:19:55.310,e20f1264-48d5-4036-812f-288a447e965b,e20f1264-48d5-4036-812f-288a447e965b.heart_rate.json,
,2023-09-03 13:58:27.620,,2023-09-03 14:00:27.785,2023-09-03 14:00:27.785,UTC-0500,v8fPmWJTef,3db8d50e-07fd-4744-899a-8d993308564e,com.sec.android.app.shealth,2023-09-03 14:00:27.620,ed1e7a8b-1116-41f4-9d52-b9fd6e7108a7,ed1e7a8b-1116-41f4-9d52-b9fd6e7108a7.heart_rate.json,
62620030,2024-03-03 13:04:00.627,62620030,2024-03-03 13:06:00.898,2024-03-03 13:06:00.898,UTC-0500,v8fPmWJTef,4bda31eb-dd64-4d34-bc48-13741c67b453,com.sec.android.app.shealth,2024-03-03 13:06:00.627,e859e024-367b-48ef-be99-64b13e870a75,e859e024-367b-48ef-be99-64b13e870a75.heart_rate.json,
62650131,2024-03-25 13:58:56.980,62650131,2024-03-25 14:00:57.209,2024-03-25 14:00:57.209,UTC-0500,v8fPmWJTef,8a8ef7f6-7bdf-4385-99c1-9c93c8200dd1,com.sec.android.app.shealth,2024-03-25 14:00:56.980,b1ee7b07-6992-4a6d-8832-e3d463f76ae7,b1ee7b07-6992-4a6d-8832-e3d463f76ae7.heart_rate.json,
62660011,2024-05-01 13:22:25.840,62660011,2024-05-01 13:24:26.007,2024-05-01 13:24:26.007,UTC-0500,v8fPmWJTef,aaf8af1f-989c-45fa-9ee9-2b659da21595,com.sec.android.app.shealth,2024-05-01 13:24:25.840,63891f9b-1158-4f9d-87e8-ed7c0678cf6a,63891f9b-1158-4f9d-87e8-ed7c0678cf6a.heart_rate.json,
62900571,2025-02-06 00:17:22.034,62900571,2025-02-06 00:19:22.085,2025-02-06 00:19:22.085,UTC-0500,v8fPmWJTef,f96ca772-f87b-4e08-890d-6c1c4ab674e8,com.sec.android.app.shealth,2025-02-06 00:19:22.034,f21e2e78-d6ce-4f26-991a-57dfaf893ebd,f21e2e78-d6ce-4f26-991a-57dfaf893ebd.heart_rate.json,
62910031,2025-03-23 23:57:00.942,62910031,2025-03-23 23:59:01.226,2025-03-23 23:59:01.226,UTC-0500,jkrxtcKrsf,520961fb-d914-46fe-bfbf-eb94736fc254,com.sec.android.app.shealth,2025-03-23 23:59:00.942,5a91e2cb-17e6-4fbb-b18d-58954c6308c0,5a91e2cb-17e6-4fbb-b18d-58954c6308c0.heart_rate.json,
62910031,2025-03-30 13:37:15.063,62910031,2025-03-30 13:39:15.143,2025-03-30 13:39:15.143,UTC-0500,jkrxtcKrsf,6b92e80b-f726-49d6-a37d-25972bebadc4,com.sec.android.app.shealth,2025-03-30 13:39:15.063,a543b886-d9db-40d7-84db-4b93cb13524b,a543b886-d9db-40d7-84db-4b93cb13524b.heart_rate.json,
62950051,2025-04-10 11:38:35.571,62950051,2025-04-10 11:40:35.698,2025-04-10 11:40:35.698,UTC-0500,jkrxtcKrsf,f0cfe1c8-f051-4c80-844b-a374af696429,com.sec.android.app.shealth,2025-04-10 11:40:35.571,257f4364-5e9e-4e5f-96ca-9b193fcd840c,257f4364-5e9e-4e5f-96ca-9b193fcd840c.heart_rate.json,
62950051,2025-04-13 19:21:01.511,62950051,2025-04-13 19:23:01.774,2025-04-13 19:23:01.774,UTC-0500,jkrxtcKrsf,9a44e6d1-a47b-4798-9a37-6b7be8affaf0,com.sec.android.app.shealth,2025-04-13 19:23:01.511,1daa94ab-8377-48e5-b46a-b26584c49306,1daa94ab-8377-48e5-b46a-b26584c49306.heart_rate.json,
62950051,2025-04-14 13:26:02.625,62950051,2025-04-14 13:28:02.774,2025-04-14 13:28:02.774,UTC-0500,jkrxtcKrsf,dd526eda-1c42-453c-9435-01f99de99b61,com.sec.android.app.shealth,2025-04-14 13:28:02.625,353610dd-fca3-4f85-84fc-a9689a6b5603,353610dd-fca3-4f85-84fc-a9689a6b5603.heart_rate.json,
62950051,2025-04-14 22:37:38.006,62950051,2025-04-14 22:39:38.218,2025-04-14 22:39:38.218,UTC-0500,jkrxtcKrsf,f8f7e9ec-e415-4b02-835b-4aa664ab9ca3,com.sec.android.app.shealth,2025-04-14 22:39:38.006,8bdd4dc2-42c8-4a5a-8fa8-cd0157ab21cb,8bdd4dc2-42c8-4a5a-8fa8-cd0157ab21cb.heart_rate.json,
62950051,2025-04-16 13:16:08.857,62950051,2025-04-16 13:18:08.907,2025-04-16 13:18:08.907,UTC-0500,jkrxtcKrsf,8ae91c09-a3de-436b-b078-e5ad3537b799,com.sec.android.app.shealth,2025-04-16 13:18:08.857,db7dd407-39ae-4e27-9e82-ef17121761fb,db7dd407-39ae-4e27-9e82-ef17121761fb.heart_rate.json,
62950051,2025-04-16 22:02:12.195,62950051,2025-04-16 22:04:12.225,2025-04-16 22:04:12.225,UTC-0500,jkrxtcKrsf,6b6ba8cf-667c-4b14-87e4-0700a5fa741f,com.sec.android.app.shealth,2025-04-16 22:04:12.195,400002ab-67d8-4ec1-ad9d-302ed3dbc99b,400002ab-67d8-4ec1-ad9d-302ed3dbc99b.heart_rate.json,
62970091,2025-05-20 01:29:20.325,62970091,2025-05-20 01:31:18.095,2025-05-20 01:31:18.095,UTC-0500,jkrxtcKrsf,a43e595c-0ccb-4592-9ac0-8eae5312e489,com.sec.android.app.shealth,2025-05-20 01:31:18.059,f330f2ea-918e-402f-ad2b-43c5b536fb94,f330f2ea-918e-402f-ad2b-43c5b536fb94.heart_rate.json,
62980011,2025-05-21 13:12:01.655,62980011,2025-05-21 13:14:01.657,2025-05-21 13:14:01.657,UTC-0500,jkrxtcKrsf,82b427b6-ee30-4286-b92a-fd8e9edc1ad7,com.sec.android.app.shealth,2025-05-21 13:14:01.647,9f61321e-4821-4ef2-9466-66cdfd50c123,9f61321e-4821-4ef2-9466-66cdfd50c123.heart_rate.json,
62980011,2025-05-23 01:33:08.685,62980011,2025-05-23 01:35:08.786,2025-05-23 01:35:08.786,UTC-0500,jkrxtcKrsf,49fd5627-cb98-4426-af9d-5dc66cc1a033,com.sec.android.app.shealth,2025-05-23 01:35:08.685,02809cda-dede-47ad-9f1a-e0a1f659b6f1,02809cda-dede-47ad-9f1a-e0a1f659b6f1.heart_rate.json,
62980011,2025-05-25 23:13:44.139,62980011,2025-05-25 23:15:44.238,2025-05-25 23:15:44.238,UTC-0500,jkrxtcKrsf,d9b2ea08-6528-47e1-bf5d-15accc9c9694,com.sec.android.app.shealth,2025-05-25 23:15:44.139,95c96901-4d00-42ad-8986-47919dbfa758,95c96901-4d00-42ad-8986-47919dbfa758.heart_rate.json,
62980011,2025-05-27 00:48:31.498,62980011,2025-05-27 00:50:31.574,2025-05-27 00:50:31.574,UTC-0500,jkrxtcKrsf,77da6eda-723f-4a92-82cf-dbccda9a9792,com.sec.android.app.shealth,2025-05-27 00:50:31.498,ff324ce7-d69f-4037-b269-48f249118a2f,ff324ce7-d69f-4037-b269-48f249118a2f.heart_rate.json,
62980011,2025-05-29 01:52:27.421,62980011,2025-05-29 01:54:27.736,2025-05-29 01:54:27.736,UTC-0500,jkrxtcKrsf,cb2dbd65-cf9b-4ecb-a521-b6eeef3a40ef,com.sec.android.app.shealth,2025-05-29 01:54:27.421,3fc58893-35c2-41c5-a419-82a3715c6d37,3fc58893-35c2-41c5-a419-82a3715c6d37.heart_rate.json,
62980011,2025-05-30 03:01:20.015,62980011,2025-05-30 03:03:20.138,2025-05-30 03:03:20.138,UTC-0500,jkrxtcKrsf,6029868f-7a88-4305-98a1-42951d9638dc,com.sec.android.app.shealth,2025-05-30 03:03:20.015,8aa3a77a-8a0c-4c3f-8856-751fc1f88589,8aa3a77a-8a0c-4c3f-8856-751fc1f88589.heart_rate.json,
62980011,2025-05-30 22:11:00.690,62980011,2025-05-30 22:13:00.796,2025-05-30 22:13:00.796,UTC-0500,jkrxtcKrsf,66a8a8e8-9ea5-404b-b636-d5ca416acd2e,com.sec.android.app.shealth,2025-05-30 22:13:00.690,8b334193-7952-42bb-82ea-51a10e0847fc,8b334193-7952-42bb-82ea-51a10e0847fc.heart_rate.json,
62980011,2025-05-31 14:26:34.648,62980011,2025-05-31 14:28:34.961,2025-05-31 14:28:34.961,UTC-0500,jkrxtcKrsf,7b741c05-4d00-493b-94db-e8d83c9df247,com.sec.android.app.shealth,2025-05-31 14:28:34.648,a16acd84-8ef1-45ea-a6b1-6367afa9b266,a16acd84-8ef1-45ea-a6b1-6367afa9b266.heart_rate.json,
62980011,2025-06-01 12:03:21.056,62980011,2025-06-01 12:05:21.296,2025-06-01 12:05:21.296,UTC-0500,jkrxtcKrsf,32fd94bf-0123-4e58-a9fd-67dd4eaae8ba,com.sec.android.app.shealth,2025-06-01 12:05:21.056,29402731-0456-4b89-8e21-7b7e8df33662,29402731-0456-4b89-8e21-7b7e8df33662.heart_rate.json,
62980011,2025-06-02 12:07:31.024,62980011,2025-06-02 12:09:31.121,2025-06-02 12:09:31.121,UTC-0500,jkrxtcKrsf,900c3664-ebcd-4d00-aac3-ed3a426199e2,com.sec.android.app.shealth,2025-06-02 12:09:31.024,1c512667-c1b9-4f51-bf85-66cffa8c0c12,1c512667-c1b9-4f51-bf85-66cffa8c0c12.heart_rate.json,
62980011,2025-06-04 11:51:36.990,62980011,2025-06-04 11:53:37.026,2025-06-04 11:53:37.026,UTC-0500,jkrxtcKrsf,977b7ad9-3a03-4b21-b828-6b1a9d9e13e0,com.sec.android.app.shealth,2025-06-04 11:53:36.990,0d66c0b0-5324-4d9b-8c40-2e5a5f152f16,0d66c0b0-5324-4d9b-8c40-2e5a5f152f16.heart_rate.json,
62980011,2025-06-05 11:30:15.082,62980011,2025-06-05 11:32:15.159,2025-06-05 11:32:15.159,UTC-0500,jkrxtcKrsf,41582237-6c95-402c-8a2c-010099f6a5b6,com.sec.android.app.shealth,2025-06-05 11:32:15.082,9ed863ae-7eed-4f05-9b9a-2bc46d670e22,9ed863ae-7eed-4f05-9b9a-2bc46d670e22.heart_rate.json,
62980011,2025-06-09 12:48:28.987,62980011,2025-06-09 12:50:29.875,2025-06-09 12:50:29.875,UTC-0500,jkrxtcKrsf,9b726640-d192-497e-a696-72e0b76736e0,com.sec.android.app.shealth,2025-06-09 12:50:28.987,0274d09e-78ac-4d7b-959c-a77914377d58,0274d09e-78ac-4d7b-959c-a77914377d58.heart_rate.json,
62980011,2025-06-11 00:17:38.370,62980011,2025-06-11 00:19:38.790,2025-06-11 00:19:38.790,UTC-0500,jkrxtcKrsf,e4145469-64d2-40cc-be20-54b21c346d4f,com.sec.android.app.shealth,2025-06-11 00:19:38.370,b6a18153-5534-4212-aa3a-2031b7cb5f60,b6a18153-5534-4212-aa3a-2031b7cb5f60.heart_rate.json,
62980011,2025-06-12 12:50:24.917,62980011,2025-06-12 12:52:25.254,2025-06-12 12:52:25.254,UTC-0500,jkrxtcKrsf,579e1f04-390c-4350-92ac-c8b091dea3f5,com.sec.android.app.shealth,2025-06-12 12:52:24.917,7861e63a-3087-4bd8-b52c-47c2c39cfe29,7861e63a-3087-4bd8-b52c-47c2c39cfe29.heart_rate.json,
62980011,2025-06-16 12:13:06.686,62980011,2025-06-16 12:15:06.848,2025-06-16 12:15:06.848,UTC-0500,jkrxtcKrsf,fbab8760-4f4a-4389-99cc-5b05a3ca98b3,com.sec.android.app.shealth,2025-06-16 12:15:06.686,cf0b6796-01d8-47be-9ab9-f7af9386acfb,cf0b6796-01d8-47be-9ab9-f7af9386acfb.heart_rate.json,
62980011,2025-06-17 13:00:16.544,62980011,2025-06-17 13:02:16.596,2025-06-17 13:02:16.596,UTC-0500,jkrxtcKrsf,b7b558c9-7495-4988-97f5-163d3cc7fd99,com.sec.android.app.shealth,2025-06-17 13:02:16.544,67b5731c-c41c-45f2-983d-603c9782f3f3,67b5731c-c41c-45f2-983d-603c9782f3f3.heart_rate.json,
62980011,2025-06-21 15:35:46.482,62980011,2025-06-21 15:37:46.592,2025-06-21 15:37:46.592,UTC-0500,jkrxtcKrsf,01d89d63-b4b1-4099-83d1-3cd3dc7b027d,com.sec.android.app.shealth,2025-06-21 15:37:46.482,a1f4b9ba-b66f-4e75-b91d-39be8d68513d,a1f4b9ba-b66f-4e75-b91d-39be8d68513d.heart_rate.json,
62980011,2025-06-22 12:35:00.106,62980011,2025-06-22 12:36:20.505,2025-06-22 12:36:20.505,UTC-0500,jkrxtcKrsf,817f47d3-02ce-4676-a666-b4b77028a01e,com.sec.android.app.shealth,2025-06-22 12:36:20.490,64570286-9cf9-4614-bb5f-5719be7b6351,64570286-9cf9-4614-bb5f-5719be7b6351.heart_rate.json,
62980011,2025-06-22 12:36:34.226,62980011,2025-06-22 12:38:34.368,2025-06-22 12:38:34.368,UTC-0500,jkrxtcKrsf,59f74a72-3edd-4dcc-9f2b-08e9ac48347f,com.sec.android.app.shealth,2025-06-22 12:38:34.226,992d7c54-5320-45e2-bc25-443e75ec6881,992d7c54-5320-45e2-bc25-443e75ec6881.heart_rate.json,
62980011,2025-06-22 12:58:49.400,62980011,2025-06-22 13:00:49.506,2025-06-22 13:00:49.506,UTC-0500,jkrxtcKrsf,bf03a5a0-eeb5-4306-bfe6-14d9374030dc,com.sec.android.app.shealth,2025-06-22 13:00:49.400,f67d6ce8-f1e2-4aeb-91c7-0ca4a7cbcee2,f67d6ce8-f1e2-4aeb-91c7-0ca4a7cbcee2.heart_rate.json,
62980011,2025-06-24 13:13:15.069,62980011,2025-06-24 13:15:15.226,2025-06-24 13:15:15.226,UTC-0500,jkrxtcKrsf,979fe706-2ccd-4940-90bb-6875a1a882a1,com.sec.android.app.shealth,2025-06-24 13:15:15.069,b7598518-83db-4130-806a-ad6a7ef3a643,b7598518-83db-4130-806a-ad6a7ef3a643.heart_rate.json,
62980011,2025-06-25 12:38:04.361,62980011,2025-06-25 12:40:04.405,2025-06-25 12:40:04.405,UTC-0500,jkrxtcKrsf,f8bd5634-19f5-4c9c-91e6-163ca7bab03b,com.sec.android.app.shealth,2025-06-25 12:40:04.361,6cfa1d6d-3524-4b5d-9331-e00acef27eef,6cfa1d6d-3524-4b5d-9331-e00acef27eef.heart_rate.json,
62980011,2025-06-27 12:40:36.554,62980011,2025-06-27 12:42:37.345,2025-06-27 12:42:37.345,UTC-0500,jkrxtcKrsf,274c73ac-d6aa-4da6-8add-de842db22d3a,com.sec.android.app.shealth,2025-06-27 12:42:36.554,1f1b2e03-d106-4664-b918-148767d0d698,1f1b2e03-d106-4664-b918-148767d0d698.heart_rate.json,
62980011,2025-07-02 11:41:49.698,62980011,2025-07-02 11:43:49.765,2025-07-02 11:43:49.765,UTC-0500,jkrxtcKrsf,6c3063e8-9928-4741-9456-6d2dbfca1944,com.sec.android.app.shealth,2025-07-02 11:43:49.698,439c05a7-e098-4a6b-866c-bf560f3796f8,439c05a7-e098-4a6b-866c-bf560f3796f8.heart_rate.json,
62980011,2025-07-05 22:03:34.193,62980011,2025-07-05 22:05:34.246,2025-07-05 22:05:34.246,UTC-0500,jkrxtcKrsf,efd9adcb-9028-4fed-991f-5311b6e87453,com.sec.android.app.shealth,2025-07-05 22:05:34.193,f2dbc4a9-f806-4b8b-99ca-e4681df0398d,f2dbc4a9-f806-4b8b-99ca-e4681df0398d.heart_rate.json,
62981051,2025-07-09 11:53:30.672,62981051,2025-07-09 11:55:31.031,2025-07-09 11:55:31.031,UTC-0500,jkrxtcKrsf,842f04ae-e5e6-437d-a48d-123eae55ef48,com.sec.android.app.shealth,2025-07-09 11:55:30.672,5b78738e-6b01-4b50-b181-d63ea805737f,5b78738e-6b01-4b50-b181-d63ea805737f.heart_rate.json,
62981051,2025-07-11 17:22:25.458,62981051,2025-07-11 17:24:25.553,2025-07-11 17:24:25.553,UTC-0500,jkrxtcKrsf,29a8f148-6e46-4028-a39e-30c61e65e879,com.sec.android.app.shealth,2025-07-11 17:24:25.458,d518d21e-9929-4561-b88e-b1ebb2c8a31a,d518d21e-9929-4561-b88e-b1ebb2c8a31a.heart_rate.json,
62981551,2025-07-21 11:58:32.366,62981551,2025-07-21 12:00:32.549,2025-07-21 12:00:32.549,UTC-0500,jkrxtcKrsf,7d82433a-cd49-4b7e-aee0-0c23ce5c36d8,com.sec.android.app.shealth,2025-07-21 12:00:32.366,bc20c0ac-54bd-4a93-bf42-c429d2f021cd,bc20c0ac-54bd-4a93-bf42-c429d2f021cd.heart_rate.json,
62981551,2025-07-22 16:53:11.612,62981551,2025-07-22 16:55:12.499,2025-07-22 16:55:12.499,UTC-0500,jkrxtcKrsf,a0f541aa-b2b7-4aa3-88df-95b8552a2777,com.sec.android.app.shealth,2025-07-22 16:55:11.612,40c0ab9e-3fc3-4bae-9260-69595de176cd,40c0ab9e-3fc3-4bae-9260-69595de176cd.heart_rate.json,
62981551,2025-07-23 13:08:03.643,62981551,2025-07-23 13:10:03.723,2025-07-23 13:10:03.723,UTC-0500,jkrxtcKrsf,88432a6c-182d-4ff0-b15d-4faab8b87763,com.sec.android.app.shealth,2025-07-23 13:10:03.643,77efe1e8-c610-470a-9793-84e97c59e4a6,77efe1e8-c610-470a-9793-84e97c59e4a6.heart_rate.json,
62981551,2025-07-26 12:50:38.195,62981551,2025-07-26 12:52:38.265,2025-07-26 12:52:38.265,UTC-0500,jkrxtcKrsf,84a2d1f2-6f19-4aaa-bfa8-8968c0b91d8e,com.sec.android.app.shealth,2025-07-26 12:52:38.195,b01c7c80-b5a1-4644-8a35-2f6459f518bb,b01c7c80-b5a1-4644-8a35-2f6459f518bb.heart_rate.json,
62981551,2025-07-28 12:12:16.430,62981551,2025-07-28 12:14:16.536,2025-07-28 12:14:16.536,UTC-0500,jkrxtcKrsf,29cb771d-9ec7-4875-a550-522e771f00d1,com.sec.android.app.shealth,2025-07-28 12:14:16.430,84eae7c7-e0a8-460c-b57f-f93760f7ff6d,84eae7c7-e0a8-460c-b57f-f93760f7ff6d.heart_rate.json,
62981551,2025-07-31 12:57:55.197,62981551,2025-07-31 12:59:55.750,2025-07-31 12:59:55.750,UTC-0500,jkrxtcKrsf,aace9f63-5098-4bd8-85a4-4edc31e6fe9d,com.sec.android.app.shealth,2025-07-31 12:59:55.197,cffbb6e3-7e72-4e24-a969-82258e78fa9e,cffbb6e3-7e72-4e24-a969-82258e78fa9e.heart_rate.json,
62981551,2025-08-02 23:11:47.354,62981551,2025-08-02 23:13:47.484,2025-08-02 23:13:47.484,UTC-0500,jkrxtcKrsf,72deafb2-ec14-4f81-86ce-46caf48a4226,com.sec.android.app.shealth,2025-08-02 23:13:47.354,b145884e-d5ce-4b58-8e58-e5534264bcea,b145884e-d5ce-4b58-8e58-e5534264bcea.heart_rate.json,
62981551,2025-08-08 00:40:13.475,62981551,2025-08-08 00:42:14.293,2025-08-08 00:42:14.293,UTC-0500,jkrxtcKrsf,3a33e812-72bd-460a-94ad-1a3bae0504aa,com.sec.android.app.shealth,2025-08-08 00:42:13.475,efdce13e-4f14-4506-8a24-6d4913b0010b,efdce13e-4f14-4506-8a24-6d4913b0010b.heart_rate.json,
62981551,2025-08-09 12:52:44.092,62981551,2025-08-09 12:54:44.950,2025-08-09 12:54:44.950,UTC-0500,jkrxtcKrsf,cbc93bfc-b0e1-4e5c-a6b3-6e8023d1fefb,com.sec.android.app.shealth,2025-08-09 12:54:44.092,49b0781a-9449-40cd-b54d-bc9ecaa77cb2,49b0781a-9449-40cd-b54d-bc9ecaa77cb2.heart_rate.json,
62981551,2025-08-10 12:19:20.148,62981551,2025-08-10 12:21:20.263,2025-08-10 12:21:20.263,UTC-0500,jkrxtcKrsf,c4e7ac4a-115e-4abc-8cc7-79b3a76713d5,com.sec.android.app.shealth,2025-08-10 12:21:20.148,4292a6ce-5e5a-4050-afcf-04e366876118,4292a6ce-5e5a-4050-afcf-04e366876118.heart_rate.json,
62981551,2025-08-13 12:39:17.862,62981551,2025-08-13 12:41:17.915,2025-08-13 12:41:17.915,UTC-0500,jkrxtcKrsf,78261ada-3eb5-40ef-8036-6361b3e0a984,com.sec.android.app.shealth,2025-08-13 12:41:17.862,fbe1dfdb-7071-42b6-811e-51868112f9f2,fbe1dfdb-7071-42b6-811e-51868112f9f2.heart_rate.json,
62981551,2025-08-15 11:58:40.738,62981551,2025-08-15 12:00:40.808,2025-08-15 12:00:40.808,UTC-0500,jkrxtcKrsf,6bbbfe5c-a047-4259-b272-1dfe91bcb4d6,com.sec.android.app.shealth,2025-08-15 12:00:40.738,d762ecc2-ae83-4c43-b331-4230aea4cbbc,d762ecc2-ae83-4c43-b331-4230aea4cbbc.heart_rate.json,
62981551,2025-08-23 13:04:37.744,62981551,2025-08-23 13:06:38.639,2025-08-23 13:06:38.639,UTC-0500,jkrxtcKrsf,312ea85d-dffc-4fbc-b82e-e6940994c9ae,com.sec.android.app.shealth,2025-08-23 13:06:37.744,84771057-ca6d-4e15-b755-fc47640ca072,84771057-ca6d-4e15-b755-fc47640ca072.heart_rate.json,
62981551,2025-08-28 12:51:34.053,62981551,2025-08-28 12:53:34.182,2025-08-28 12:53:34.182,UTC-0500,jkrxtcKrsf,952c8494-0848-47b8-86f1-41edc3a9c3d2,com.sec.android.app.shealth,2025-08-28 12:53:34.053,e3e6c783-c252-4bdf-9fd3-ede5ef9f28cf,e3e6c783-c252-4bdf-9fd3-ede5ef9f28cf.heart_rate.json,
62981551,2025-08-28 13:27:28.424,62981551,2025-08-28 13:29:28.606,2025-08-28 13:29:28.606,UTC-0500,jkrxtcKrsf,be439c63-5946-4e70-9f54-527c440b6476,com.sec.android.app.shealth,2025-08-28 13:29:28.424,d696d261-0243-43c2-8a94-67b5c3d50389,d696d261-0243-43c2-8a94-67b5c3d50389.heart_rate.json,
62981551,2025-09-03 13:27:17.711,62981551,2025-09-03 13:29:17.759,2025-09-03 13:29:17.759,UTC-0500,jkrxtcKrsf,34b23868-51d7-491b-8d1f-8eef241a4319,com.sec.android.app.shealth,2025-09-03 13:29:17.711,6504d9ad-e622-4417-a8f4-b9573048a351,6504d9ad-e622-4417-a8f4-b9573048a351.heart_rate.json,
62981551,2025-10-08 15:39:27.612,62981551,2025-10-08 15:41:28.029,2025-10-08 15:41:28.029,UTC+0100,jkrxtcKrsf,7ea0d0ac-a39d-4664-88b8-8943affabaee,com.sec.android.app.shealth,2025-10-08 15:41:27.612,6d8d430f-4ae4-4a2c-a10c-b8eeb123de8d,6d8d430f-4ae4-4a2c-a10c-b8eeb123de8d.heart_rate.json,
62981551,2025-10-12 14:18:45.733,62981551,2025-10-12 14:20:45.912,2025-10-12 14:20:45.912,UTC+0100,jkrxtcKrsf,e600bf20-d66a-48b2-9b6c-fa1c01b210ad,com.sec.android.app.shealth,2025-10-12 14:20:45.733,8e234227-2c5b-4aef-84d4-2561979e4129,8e234227-2c5b-4aef-84d4-2561979e4129.heart_rate.json,
62981551,2025-10-24 06:42:42.841,62981551,2025-10-24 06:44:42.890,2025-10-24 06:44:42.890,UTC+0100,jkrxtcKrsf,03b7e426-05ed-4800-b006-d4b2d633be39,com.sec.android.app.shealth,2025-10-24 06:44:42.841,09e161e8-6102-4325-9cb4-1a99c140c254,09e161e8-6102-4325-9cb4-1a99c140c254.heart_rate.json,
63060051,2025-11-28 09:14:26.556,63060051,2025-11-28 09:16:26.677,2025-11-28 09:16:26.677,UTC+0000,jkrxtcKrsf,eaf099ea-520d-402d-aefa-969ae726bbf5,com.sec.android.app.shealth,2025-11-28 09:16:26.556,0b4b1ed6-436f-46bf-8672-9757134623e0,0b4b1ed6-436f-46bf-8672-9757134623e0.heart_rate.json,
63060051,2025-12-03 08:56:37.830,63060051,2025-12-03 08:58:37.995,2025-12-03 08:58:37.995,UTC+0000,jkrxtcKrsf,57f4c2cd-c713-4157-8d67-c73798a1d339,com.sec.android.app.shealth,2025-12-03 08:58:37.830,607c2e70-2341-40ad-b054-ece55e26746e,607c2e70-2341-40ad-b054-ece55e26746e.heart_rate.json,
63070031,2026-01-13 08:20:33.047,63070031,2026-01-13 08:22:33.226,2026-01-13 08:22:33.226,UTC+0000,jkrxtcKrsf,23e0cf9f-ca4b-4538-9f1c-c0cf6e6713be,com.sec.android.app.shealth,2026-01-13 08:22:33.047,c6c169fa-d705-4890-be67-c5a78f351e64,c6c169fa-d705-4890-be67-c5a78f351e64.heart_rate.json,
63070031,2026-01-19 07:59:18.985,63070031,2026-01-19 08:01:19.036,2026-01-19 08:01:19.036,UTC+0000,jkrxtcKrsf,f4007636-c853-405e-9421-5a74f2f84839,com.sec.android.app.shealth,2026-01-19 08:01:18.985,3d20b2cd-8f7a-46dc-ad68-3d4b5924be1f,3d20b2cd-8f7a-46dc-ad68-3d4b5924be1f.heart_rate.json,
63070031,2026-01-21 07:37:34.707,63070031,2026-01-21 07:39:34.918,2026-01-21 07:39:34.918,UTC+0000,jkrxtcKrsf,a18c8d6c-09ad-4881-ab65-10f32f088cb0,com.sec.android.app.shealth,2026-01-21 07:39:34.707,9b17f1b0-ee9e-403c-a40f-d1449270b161,9b17f1b0-ee9e-403c-a40f-d1449270b161.heart_rate.json,
63070031,2026-01-24 08:36:39.741,63070031,2026-01-24 08:38:39.855,2026-01-24 08:38:39.855,UTC+0000,jkrxtcKrsf,990996c2-faf4-4424-8c49-3162ab15657a,com.sec.android.app.shealth,2026-01-24 08:38:39.741,9cec6118-589a-4f11-9479-1f9aab1203fe,9cec6118-589a-4f11-9479-1f9aab1203fe.heart_rate.json,
63070031,2026-02-12 07:51:44.802,63070031,2026-02-12 07:53:44.854,2026-02-12 07:53:44.854,UTC+0000,jkrxtcKrsf,3d2846bb-9a5c-41fd-ab88-1055d69bd7d7,com.sec.android.app.shealth,2026-02-12 07:53:44.802,73d6e3d7-45e0-40da-bc0f-d2b3f0adaccb,73d6e3d7-45e0-40da-bc0f-d2b3f0adaccb.heart_rate.json,
